название,цена,адрес,площадь,комнаты,этаж,тип_дома,район,источник
"2-комнатная квартира, 95 м², Западный район",8 341 581 ₽,"г. Краснодар, ул. Уральская, д. 32",95 м²,2,14/5,брежневка,Западный,Сгенерировано на основе данных Краснодара
"1-комнатная квартира, 92 м², Карасунский район",13 005 278 ₽,"г. Краснодар, ул. Коммунаров, д. 94",92 м²,1,9/10,новостройка,Карасунский,Сгенерировано на основе данных Краснодара
"3-комнатная квартира, 48 м², Карасунский район",4 528 170 ₽,"г. Краснодар, ул. им. Петра Метальникова, д. 46",48 м²,3,7/17,хрущевка,Карасунский,Сгенерировано на основе данных Краснодара
"1-комнатная квартира, 100 м², Прикубанский район",11 330 839 ₽,"г. Краснодар, ул. Красная, д. 85",100 м²,1,20/8,брежневка,Прикубанский,Сгенерировано на основе данных Краснодара
"4-комнатная квартира, 60 м², Карасунский район",7 079 870 ₽,"г. Краснодар, ул. Тургенева, д. 46",60 м²,4,14/11,современный,Карасунский,Сгенерировано на основе данных Краснодара
"3-комнатная квартира, 101 м², Карасунский район",13 591 173 ₽,"г. Краснодар, ул. Красная, д. 50",101 м²,3,12/25,современный,Карасунский,Сгенерировано на основе данных Краснодара
"3-комнатная квартира, 111 м², Центральный район",19 565 326 ₽,"г. Краснодар, ул. Кубанская Набережная, д. 131",111 м²,3,13/14,новостройка,Центральный,Сгенерировано на основе данных Краснодара
"2-комнатная квартира, 73 м², Прикубанский район",7 297 896 ₽,"г. Краснодар, ул. Октябрьская, д. 18",73 м²,2,18/23,хрущевка,Прикубанский,Сгенерировано на основе данных Краснодара
"1-комнатная квартира, 104 м², Центральный район",11 440 241 ₽,"г. Краснодар, ул. Коммунаров, д. 6",104 м²,1,13/23,сталинка,Центральный,Сгенерировано на основе данных Краснодара
"4-комнатная квартира, 37 м², Центральный район",5 932 786 ₽,"г. Краснодар, ул. Октябрьская, д. 54",37 м²,4,17/11,современный,Центральный,Сгенерировано на основе данных Краснодара
"3-комнатная квартира, 55 м², Центральный район",9 514 371 ₽,"г. Краснодар, ул. Гоголя, д. 75",55 м²,3,5/5,новостройка,Центральный,Сгенерировано на основе данных Краснодара
"3-комнатная квартира, 54 м², Прикубанский район",5 762 615 ₽,"г. Краснодар, ул. им. Петра Метальникова, д. 27",54 м²,3,3/9,новостройка,Прикубанский,Сгенерировано на основе данных Краснодара
"1-комнатная квартира, 55 м², Западный район",6 694 806 ₽,"г. Краснодар, ул. Тургенева, д. 134",55 м²,1,8/25,хрущевка,Западный,Сгенерировано на основе данных Краснодара
"1-комнатная квартира, 28 м², Центральный район",3 400 328 ₽,"г. Краснодар, ул. Красная, д. 72",28 м²,1,6/8,новостройка,Центральный,Сгенерировано на основе данных Краснодара
"3-комнатная квартира, 110 м², Прикубанский район",9 340 993 ₽,"г. Краснодар, ул. Северная, д. 70",110 м²,3,7/7,сталинка,Прикубанский,Сгенерировано на основе данных Краснодара
"3-комнатная квартира, 55 м², Карасунский район",5 361 484 ₽,"г. Краснодар, ул. Восточно-Кругликовская, д. 120",55 м²,3,1/11,новостройка,Карасунский,Сгенерировано на основе данных Краснодара
"2-комнатная квартира, 91 м², Карасунский район",12 826 855 ₽,"г. Краснодар, ул. Зиповская, д. 101",91 м²,2,10/13,сталинка,Карасунский,Сгенерировано на основе данных Краснодара
"3-комнатная квартира, 67 м², Западный район",7 112 612 ₽,"г. Краснодар, ул. Красная, д. 16",67 м²,3,9/8,хрущевка,Западный,Сгенерировано на основе данных Краснодара
"1-комнатная квартира, 97 м², Западный район",9 146 416 ₽,"г. Краснодар, ул. Селезнева, д. 15",97 м²,1,8/19,современный,Западный,Сгенерировано на основе данных Краснодара
"3-комнатная квартира, 39 м², Прикубанский район",3 445 344 ₽,"г. Краснодар, ул. Зиповская, д. 144",39 м²,3,14/18,новостройка,Прикубанский,Сгенерировано на основе данных Краснодара
"3-комнатная квартира, 99 м², Прикубанский район",10 027 711 ₽,"г. Краснодар, ул. им. Петра Метальникова, д. 137",99 м²,3,10/20,брежневка,Прикубанский,Сгенерировано на основе данных Краснодара
"2-комнатная квартира, 32 м², Центральный район",4 578 462 ₽,"г. Краснодар, ул. Дзержинского, д. 28",32 м²,2,17/11,брежневка,Центральный,Сгенерировано на основе данных Краснодара
"3-комнатная квартира, 44 м², Западный район",5 304 335 ₽,"г. Краснодар, ул. Красноармейская, д. 45",44 м²,3,20/15,современный,Западный,Сгенерировано на основе данных Краснодара
"1-комнатная квартира, 34 м², Западный район",3 176 400 ₽,"г. Краснодар, ул. Красноармейская, д. 92",34 м²,1,16/24,современный,Западный,Сгенерировано на основе данных Краснодара
"4-комнатная квартира, 38 м², Западный район",4 368 805 ₽,"г. Краснодар, ул. им. Петра Метальникова, д. 105",38 м²,4,12/16,сталинка,Западный,Сгенерировано на основе данных Краснодара
"3-комнатная квартира, 108 м², Прикубанский район",14 570 296 ₽,"г. Краснодар, ул. Красноармейская, д. 2",108 м²,3,2/9,современный,Прикубанский,Сгенерировано на основе данных Краснодара
"2-комнатная квартира, 111 м², Западный район",17 702 914 ₽,"г. Краснодар, ул. Уральская, д. 23",111 м²,2,10/11,новостройка,Западный,Сгенерировано на основе данных Краснодара
"2-комнатная квартира, 88 м², Карасунский район",11 296 081 ₽,"г. Краснодар, ул. Красноармейская, д. 9",88 м²,2,7/7,сталинка,Карасунский,Сгенерировано на основе данных Краснодара
"1-комнатная квартира, 108 м², Центральный район",16 891 984 ₽,"г. Краснодар, ул. Ставропольская, д. 129",108 м²,1,24/14,хрущевка,Центральный,Сгенерировано на основе данных Краснодара
"1-комнатная квартира, 34 м², Западный район",4 597 064 ₽,"г. Краснодар, ул. Тургенева, д. 13",34 м²,1,25/13,сталинка,Западный,Сгенерировано на основе данных Краснодара
"4-комнатная квартира, 39 м², Центральный район",5 186 512 ₽,"г. Краснодар, ул. Зиповская, д. 131",39 м²,4,13/9,современный,Центральный,Сгенерировано на основе данных Краснодара
"2-комнатная квартира, 49 м², Карасунский район",4 776 213 ₽,"г. Краснодар, ул. Красноармейская, д. 72",49 м²,2,9/13,новостройка,Карасунский,Сгенерировано на основе данных Краснодара
"2-комнатная квартира, 88 м², Карасунский район",8 310 914 ₽,"г. Краснодар, ул. им. Петра Метальникова, д. 79",88 м²,2,23/10,современный,Карасунский,Сгенерировано на основе данных Краснодара
"4-комнатная квартира, 44 м², Прикубанский район",6 082 309 ₽,"г. Краснодар, ул. Восточно-Кругликовская, д. 12",44 м²,4,7/11,новостройка,Прикубанский,Сгенерировано на основе данных Краснодара
"4-комнатная квартира, 39 м², Прикубанский район",5 277 300 ₽,"г. Краснодар, ул. 40-летия Победы, д. 21",39 м²,4,15/23,современный,Прикубанский,Сгенерировано на основе данных Краснодара
"3-комнатная квартира, 63 м², Центральный район",8 005 088 ₽,"г. Краснодар, ул. Кубанская Набережная, д. 66",63 м²,3,20/15,современный,Центральный,Сгенерировано на основе данных Краснодара
"1-комнатная квартира, 99 м², Прикубанский район",13 897 905 ₽,"г. Краснодар, ул. Селезнева, д. 147",99 м²,1,2/7,новостройка,Прикубанский,Сгенерировано на основе данных Краснодара
"2-комнатная квартира, 37 м², Прикубанский район",3 543 850 ₽,"г. Краснодар, ул. Северная, д. 96",37 м²,2,23/20,сталинка,Прикубанский,Сгенерировано на основе данных Краснодара
"2-комнатная квартира, 67 м², Прикубанский район",7 504 427 ₽,"г. Краснодар, ул. 40-летия Победы, д. 101",67 м²,2,8/8,сталинка,Прикубанский,Сгенерировано на основе данных Краснодара
"4-комнатная квартира, 44 м², Прикубанский район",3 980 523 ₽,"г. Краснодар, ул. им. Евдокии Бершанской, д. 29",44 м²,4,23/8,брежневка,Прикубанский,Сгенерировано на основе данных Краснодара
"3-комнатная квартира, 48 м², Западный район",6 073 910 ₽,"г. Краснодар, ул. им. Петра Метальникова, д. 6",48 м²,3,15/15,хрущевка,Западный,Сгенерировано на основе данных Краснодара
"4-комнатная квартира, 83 м², Центральный район",9 296 160 ₽,"г. Краснодар, ул. 40-летия Победы, д. 37",83 м²,4,4/6,новостройка,Центральный,Сгенерировано на основе данных Краснодара
"4-комнатная квартира, 73 м², Западный район",7 501 774 ₽,"г. Краснодар, ул. Гоголя, д. 55",73 м²,4,5/15,современный,Западный,Сгенерировано на основе данных Краснодара
"3-комнатная квартира, 74 м², Карасунский район",9 333 528 ₽,"г. Краснодар, ул. Восточно-Кругликовская, д. 30",74 м²,3,2/9,новостройка,Карасунский,Сгенерировано на основе данных Краснодара
"1-комнатная квартира, 64 м², Карасунский район",9 502 520 ₽,"г. Краснодар, ул. 40-летия Победы, д. 87",64 м²,1,6/9,современный,Карасунский,Сгенерировано на основе данных Краснодара
"2-комнатная квартира, 116 м², Прикубанский район",10 804 909 ₽,"г. Краснодар, ул. Красноармейская, д. 116",116 м²,2,25/9,современный,Прикубанский,Сгенерировано на основе данных Краснодара
"1-комнатная квартира, 95 м², Западный район",10 365 059 ₽,"г. Краснодар, ул. Кубанская Набережная, д. 53",95 м²,1,10/15,сталинка,Западный,Сгенерировано на основе данных Краснодара
"3-комнатная квартира, 114 м², Западный район",15 267 514 ₽,"г. Краснодар, ул. Селезнева, д. 112",114 м²,3,10/13,брежневка,Западный,Сгенерировано на основе данных Краснодара
"2-комнатная квартира, 53 м², Западный район",8 680 200 ₽,"г. Краснодар, ул. Северная, д. 124",53 м²,2,1/8,новостройка,Западный,Сгенерировано на основе данных Краснодара
"4-комнатная квартира, 101 м², Центральный район",13 619 821 ₽,"г. Краснодар, ул. Селезнева, д. 125",101 м²,4,1/25,сталинка,Центральный,Сгенерировано на основе данных Краснодара
"3-комнатная квартира, 45 м², Центральный район",6 837 875 ₽,"г. Краснодар, ул. Зиповская, д. 105",45 м²,3,9/7,брежневка,Центральный,Сгенерировано на основе данных Краснодара
"3-комнатная квартира, 90 м², Центральный район",14 602 017 ₽,"г. Краснодар, ул. им. Евдокии Бершанской, д. 119",90 м²,3,17/16,брежневка,Центральный,Сгенерировано на основе данных Краснодара
"3-комнатная квартира, 58 м², Карасунский район",7 826 703 ₽,"г. Краснодар, ул. Тургенева, д. 27",58 м²,3,18/17,брежневка,Карасунский,Сгенерировано на основе данных Краснодара
"2-комнатная квартира, 76 м², Западный район",9 927 470 ₽,"г. Краснодар, ул. Героев-Разведчиков, д. 3",76 м²,2,2/25,новостройка,Западный,Сгенерировано на основе данных Краснодара
"2-комнатная квартира, 47 м², Западный район",4 353 825 ₽,"г. Краснодар, ул. Октябрьская, д. 101",47 м²,2,24/19,сталинка,Западный,Сгенерировано на основе данных Краснодара
"4-комнатная квартира, 77 м², Карасунский район",11 228 839 ₽,"г. Краснодар, ул. Кубанская Набережная, д. 1",77 м²,4,6/21,современный,Карасунский,Сгенерировано на основе данных Краснодара
"2-комнатная квартира, 113 м², Западный район",14 257 443 ₽,"г. Краснодар, ул. Тургенева, д. 139",113 м²,2,13/25,сталинка,Западный,Сгенерировано на основе данных Краснодара
"4-комнатная квартира, 78 м², Центральный район",13 187 566 ₽,"г. Краснодар, ул. Зиповская, д. 137",78 м²,4,8/15,новостройка,Центральный,Сгенерировано на основе данных Краснодара
"2-комнатная квартира, 39 м², Центральный район",4 356 852 ₽,"г. Краснодар, ул. Октябрьская, д. 82",39 м²,2,5/14,брежневка,Центральный,Сгенерировано на основе данных Краснодара
"3-комнатная квартира, 99 м², Прикубанский район",9 544 684 ₽,"г. Краснодар, ул. Красная, д. 16",99 м²,3,24/25,новостройка,Прикубанский,Сгенерировано на основе данных Краснодара
"1-комнатная квартира, 116 м², Карасунский район",14 321 137 ₽,"г. Краснодар, ул. им. Евдокии Бершанской, д. 132",116 м²,1,7/13,современный,Карасунский,Сгенерировано на основе данных Краснодара
"2-комнатная квартира, 71 м², Центральный район",12 036 281 ₽,"г. Краснодар, ул. Северная, д. 75",71 м²,2,15/21,сталинка,Центральный,Сгенерировано на основе данных Краснодара
"2-комнатная квартира, 46 м², Прикубанский район",5 365 764 ₽,"г. Краснодар, ул. Зиповская, д. 120",46 м²,2,10/13,современный,Прикубанский,Сгенерировано на основе данных Краснодара
"2-комнатная квартира, 84 м², Прикубанский район",8 336 529 ₽,"г. Краснодар, ул. им. Евдокии Бершанской, д. 105",84 м²,2,20/13,сталинка,Прикубанский,Сгенерировано на основе данных Краснодара
"4-комнатная квартира, 98 м², Центральный район",17 863 855 ₽,"г. Краснодар, ул. Кубанская Набережная, д. 81",98 м²,4,17/23,брежневка,Центральный,Сгенерировано на основе данных Краснодара
"3-комнатная квартира, 68 м², Центральный район",9 665 760 ₽,"г. Краснодар, ул. Красноармейская, д. 77",68 м²,3,20/8,брежневка,Центральный,Сгенерировано на основе данных Краснодара
"4-комнатная квартира, 53 м², Западный район",5 088 994 ₽,"г. Краснодар, ул. Уральская, д. 52",53 м²,4,3/24,брежневка,Западный,Сгенерировано на основе данных Краснодара
"1-комнатная квартира, 53 м², Западный район",5 404 746 ₽,"г. Краснодар, ул. Красная, д. 37",53 м²,1,23/14,хрущевка,Западный,Сгенерировано на основе данных Краснодара
"3-комнатная квартира, 50 м², Западный район",6 936 498 ₽,"г. Краснодар, ул. Красная, д. 136",50 м²,3,14/19,современный,Западный,Сгенерировано на основе данных Краснодара
"3-комнатная квартира, 62 м², Прикубанский район",5 402 192 ₽,"г. Краснодар, ул. Ставропольская, д. 124",62 м²,3,16/21,новостройка,Прикубанский,Сгенерировано на основе данных Краснодара
"2-комнатная квартира, 118 м², Карасунский район",14 321 582 ₽,"г. Краснодар, ул. им. Евдокии Бершанской, д. 77",118 м²,2,1/10,новостройка,Карасунский,Сгенерировано на основе данных Краснодара
"1-комнатная квартира, 48 м², Карасунский район",6 823 050 ₽,"г. Краснодар, ул. Коммунаров, д. 4",48 м²,1,8/17,брежневка,Карасунский,Сгенерировано на основе данных Краснодара
"4-комнатная квартира, 55 м², Прикубанский район",7 651 290 ₽,"г. Краснодар, ул. 40-летия Победы, д. 25",55 м²,4,7/7,хрущевка,Прикубанский,Сгенерировано на основе данных Краснодара
"4-комнатная квартира, 30 м², Карасунский район",3 866 574 ₽,"г. Краснодар, ул. им. Евдокии Бершанской, д. 17",30 м²,4,4/21,новостройка,Карасунский,Сгенерировано на основе данных Краснодара
"1-комнатная квартира, 75 м², Прикубанский район",6 704 342 ₽,"г. Краснодар, ул. Селезнева, д. 54",75 м²,1,17/19,брежневка,Прикубанский,Сгенерировано на основе данных Краснодара
"1-комнатная квартира, 78 м², Западный район",10 782 032 ₽,"г. Краснодар, ул. Северная, д. 106",78 м²,1,2/23,новостройка,Западный,Сгенерировано на основе данных Краснодара
"3-комнатная квартира, 73 м², Карасунский район",7 124 978 ₽,"г. Краснодар, ул. Рашпилевская, д. 98",73 м²,3,24/19,современный,Карасунский,Сгенерировано на основе данных Краснодара
"1-комнатная квартира, 86 м², Карасунский район",11 274 814 ₽,"г. Краснодар, ул. Ставропольская, д. 6",86 м²,1,11/16,новостройка,Карасунский,Сгенерировано на основе данных Краснодара
"2-комнатная квартира, 95 м², Карасунский район",9 255 592 ₽,"г. Краснодар, ул. Красноармейская, д. 114",95 м²,2,8/6,современный,Карасунский,Сгенерировано на основе данных Краснодара
"2-комнатная квартира, 95 м², Карасунский район",13 188 811 ₽,"г. Краснодар, ул. им. Евдокии Бершанской, д. 106",95 м²,2,16/7,брежневка,Карасунский,Сгенерировано на основе данных Краснодара
"4-комнатная квартира, 100 м², Прикубанский район",8 829 428 ₽,"г. Краснодар, ул. Северная, д. 63",100 м²,4,19/22,хрущевка,Прикубанский,Сгенерировано на основе данных Краснодара
"2-комнатная квартира, 37 м², Западный район",5 579 872 ₽,"г. Краснодар, ул. Коммунаров, д. 122",37 м²,2,2/9,новостройка,Западный,Сгенерировано на основе данных Краснодара
"3-комнатная квартира, 60 м², Центральный район",7 530 489 ₽,"г. Краснодар, ул. Кубанская Набережная, д. 94",60 м²,3,17/21,современный,Центральный,Сгенерировано на основе данных Краснодара
"3-комнатная квартира, 45 м², Западный район",6 952 902 ₽,"г. Краснодар, ул. Героев-Разведчиков, д. 86",45 м²,3,18/5,хрущевка,Западный,Сгенерировано на основе данных Краснодара
"3-комнатная квартира, 28 м², Западный район",2 768 210 ₽,"г. Краснодар, ул. Селезнева, д. 25",28 м²,3,13/12,современный,Западный,Сгенерировано на основе данных Краснодара
"1-комнатная квартира, 114 м², Западный район",14 054 322 ₽,"г. Краснодар, ул. Кубанская Набережная, д. 72",114 м²,1,21/24,новостройка,Западный,Сгенерировано на основе данных Краснодара
"2-комнатная квартира, 67 м², Центральный район",7 744 092 ₽,"г. Краснодар, ул. Коммунаров, д. 38",67 м²,2,24/14,сталинка,Центральный,Сгенерировано на основе данных Краснодара
"1-комнатная квартира, 80 м², Карасунский район",10 343 508 ₽,"г. Краснодар, ул. им. Петра Метальникова, д. 110",80 м²,1,13/5,сталинка,Карасунский,Сгенерировано на основе данных Краснодара
"4-комнатная квартира, 76 м², Карасунский район",6 635 706 ₽,"г. Краснодар, ул. Северная, д. 52",76 м²,4,19/6,брежневка,Карасунский,Сгенерировано на основе данных Краснодара
"3-комнатная квартира, 50 м², Западный район",5 356 151 ₽,"г. Краснодар, ул. им. Петра Метальникова, д. 79",50 м²,3,21/22,брежневка,Западный,Сгенерировано на основе данных Краснодара
"3-комнатная квартира, 92 м², Карасунский район",8 589 694 ₽,"г. Краснодар, ул. Кубанская Набережная, д. 115",92 м²,3,17/14,хрущевка,Карасунский,Сгенерировано на основе данных Краснодара
"4-комнатная квартира, 66 м², Западный район",7 472 029 ₽,"г. Краснодар, ул. Тургенева, д. 8",66 м²,4,19/19,современный,Западный,Сгенерировано на основе данных Краснодара
"3-комнатная квартира, 36 м², Центральный район",4 349 455 ₽,"г. Краснодар, ул. Восточно-Кругликовская, д. 65",36 м²,3,3/22,новостройка,Центральный,Сгенерировано на основе данных Краснодара
"1-комнатная квартира, 41 м², Прикубанский район",3 470 234 ₽,"г. Краснодар, ул. Зиповская, д. 36",41 м²,1,10/11,новостройка,Прикубанский,Сгенерировано на основе данных Краснодара
"3-комнатная квартира, 76 м², Центральный район",14 183 517 ₽,"г. Краснодар, ул. Кубанская Набережная, д. 148",76 м²,3,3/25,современный,Центральный,Сгенерировано на основе данных Краснодара
"2-комнатная квартира, 55 м², Карасунский район",6 422 888 ₽,"г. Краснодар, ул. им. Евдокии Бершанской, д. 81",55 м²,2,8/25,сталинка,Карасунский,Сгенерировано на основе данных Краснодара
"4-комнатная квартира, 62 м², Западный район",8 308 515 ₽,"г. Краснодар, ул. Кубанская Набережная, д. 148",62 м²,4,18/14,брежневка,Западный,Сгенерировано на основе данных Краснодара
"2-комнатная квартира, 101 м², Центральный район",17 711 178 ₽,"г. Краснодар, ул. Рашпилевская, д. 105",101 м²,2,15/9,хрущевка,Центральный,Сгенерировано на основе данных Краснодара
"3-комнатная квартира, 113 м², Прикубанский район",9 898 745 ₽,"г. Краснодар, ул. Коммунаров, д. 107",113 м²,3,7/20,сталинка,Прикубанский,Сгенерировано на основе данных Краснодара
"3-комнатная квартира, 40 м², Центральный район",5 217 947 ₽,"г. Краснодар, ул. им. Петра Метальникова, д. 149",40 м²,3,16/14,сталинка,Центральный,Сгенерировано на основе данных Краснодара
"1-комнатная квартира, 48 м², Центральный район",8 443 116 ₽,"г. Краснодар, ул. Красная, д. 21",48 м²,1,13/18,сталинка,Центральный,Сгенерировано на основе данных Краснодара
"4-комнатная квартира, 84 м², Западный район",8 543 794 ₽,"г. Краснодар, ул. Зиповская, д. 26",84 м²,4,12/6,хрущевка,Западный,Сгенерировано на основе данных Краснодара
"3-комнатная квартира, 45 м², Карасунский район",4 778 127 ₽,"г. Краснодар, ул. Красная, д. 130",45 м²,3,6/17,хрущевка,Карасунский,Сгенерировано на основе данных Краснодара
"3-комнатная квартира, 57 м², Карасунский район",7 657 220 ₽,"г. Краснодар, ул. им. Евдокии Бершанской, д. 3",57 м²,3,7/12,сталинка,Карасунский,Сгенерировано на основе данных Краснодара
"1-комнатная квартира, 93 м², Карасунский район",9 922 381 ₽,"г. Краснодар, ул. Московская, д. 5",93 м²,1,4/23,брежневка,Карасунский,Сгенерировано на основе данных Краснодара
"1-комнатная квартира, 92 м², Западный район",13 338 186 ₽,"г. Краснодар, ул. Октябрьская, д. 46",92 м²,1,7/6,брежневка,Западный,Сгенерировано на основе данных Краснодара
"4-комнатная квартира, 108 м², Центральный район",12 669 306 ₽,"г. Краснодар, ул. Героев-Разведчиков, д. 65",108 м²,4,8/6,современный,Центральный,Сгенерировано на основе данных Краснодара
"4-комнатная квартира, 29 м², Карасунский район",3 179 253 ₽,"г. Краснодар, ул. Северная, д. 100",29 м²,4,21/16,сталинка,Карасунский,Сгенерировано на основе данных Краснодара
"3-комнатная квартира, 114 м², Карасунский район",12 954 177 ₽,"г. Краснодар, ул. Красноармейская, д. 7",114 м²,3,1/24,сталинка,Карасунский,Сгенерировано на основе данных Краснодара
"2-комнатная квартира, 105 м², Западный район",12 603 900 ₽,"г. Краснодар, ул. им. Евдокии Бершанской, д. 95",105 м²,2,13/20,брежневка,Западный,Сгенерировано на основе данных Краснодара
"1-комнатная квартира, 34 м², Карасунский район",5 073 720 ₽,"г. Краснодар, ул. Героев-Разведчиков, д. 124",34 м²,1,4/14,современный,Карасунский,Сгенерировано на основе данных Краснодара
"1-комнатная квартира, 112 м², Карасунский район",12 399 636 ₽,"г. Краснодар, ул. Северная, д. 43",112 м²,1,23/9,сталинка,Карасунский,Сгенерировано на основе данных Краснодара
"2-комнатная квартира, 103 м², Центральный район",12 451 267 ₽,"г. Краснодар, ул. Дзержинского, д. 122",103 м²,2,3/14,новостройка,Центральный,Сгенерировано на основе данных Краснодара
"4-комнатная квартира, 36 м², Западный район",5 372 778 ₽,"г. Краснодар, ул. Красная, д. 56",36 м²,4,13/20,брежневка,Западный,Сгенерировано на основе данных Краснодара
"2-комнатная квартира, 93 м², Западный район",13 633 429 ₽,"г. Краснодар, ул. Дзержинского, д. 3",93 м²,2,20/25,хрущевка,Западный,Сгенерировано на основе данных Краснодара
"4-комнатная квартира, 55 м², Западный район",8 612 206 ₽,"г. Краснодар, ул. Ставропольская, д. 88",55 м²,4,9/25,хрущевка,Западный,Сгенерировано на основе данных Краснодара
"1-комнатная квартира, 101 м², Центральный район",10 922 995 ₽,"г. Краснодар, ул. Зиповская, д. 19",101 м²,1,22/7,брежневка,Центральный,Сгенерировано на основе данных Краснодара
"4-комнатная квартира, 60 м², Центральный район",10 336 963 ₽,"г. Краснодар, ул. Восточно-Кругликовская, д. 56",60 м²,4,20/20,брежневка,Центральный,Сгенерировано на основе данных Краснодара
"3-комнатная квартира, 115 м², Центральный район",16 968 157 ₽,"г. Краснодар, ул. Московская, д. 132",115 м²,3,25/13,брежневка,Центральный,Сгенерировано на основе данных Краснодара
"4-комнатная квартира, 85 м², Карасунский район",11 596 443 ₽,"г. Краснодар, ул. Зиповская, д. 78",85 м²,4,9/21,сталинка,Карасунский,Сгенерировано на основе данных Краснодара
"4-комнатная квартира, 84 м², Центральный район",12 102 259 ₽,"г. Краснодар, ул. Коммунаров, д. 33",84 м²,4,6/10,новостройка,Центральный,Сгенерировано на основе данных Краснодара
"2-комнатная квартира, 112 м², Западный район",14 531 031 ₽,"г. Краснодар, ул. Зиповская, д. 43",112 м²,2,8/13,брежневка,Западный,Сгенерировано на основе данных Краснодара
"3-комнатная квартира, 85 м², Западный район",9 777 632 ₽,"г. Краснодар, ул. Красная, д. 128",85 м²,3,5/8,новостройка,Западный,Сгенерировано на основе данных Краснодара
"3-комнатная квартира, 52 м², Центральный район",5 854 570 ₽,"г. Краснодар, ул. Дзержинского, д. 121",52 м²,3,16/19,хрущевка,Центральный,Сгенерировано на основе данных Краснодара
"4-комнатная квартира, 48 м², Прикубанский район",6 101 059 ₽,"г. Краснодар, ул. Красноармейская, д. 109",48 м²,4,11/19,современный,Прикубанский,Сгенерировано на основе данных Краснодара
"4-комнатная квартира, 79 м², Центральный район",12 183 429 ₽,"г. Краснодар, ул. Рашпилевская, д. 76",79 м²,4,10/19,хрущевка,Центральный,Сгенерировано на основе данных Краснодара
"4-комнатная квартира, 47 м², Карасунский район",5 520 953 ₽,"г. Краснодар, ул. Северная, д. 139",47 м²,4,19/19,брежневка,Карасунский,Сгенерировано на основе данных Краснодара
"1-комнатная квартира, 85 м², Карасунский район",10 728 723 ₽,"г. Краснодар, ул. им. Евдокии Бершанской, д. 47",85 м²,1,25/17,сталинка,Карасунский,Сгенерировано на основе данных Краснодара
"2-комнатная квартира, 79 м², Прикубанский район",8 013 262 ₽,"г. Краснодар, ул. 40-летия Победы, д. 21",79 м²,2,3/12,современный,Прикубанский,Сгенерировано на основе данных Краснодара
"4-комнатная квартира, 84 м², Прикубанский район",9 413 893 ₽,"г. Краснодар, ул. Октябрьская, д. 149",84 м²,4,16/20,новостройка,Прикубанский,Сгенерировано на основе данных Краснодара
"4-комнатная квартира, 90 м², Центральный район",15 047 808 ₽,"г. Краснодар, ул. Селезнева, д. 143",90 м²,4,6/23,новостройка,Центральный,Сгенерировано на основе данных Краснодара
"1-комнатная квартира, 46 м², Западный район",5 240 932 ₽,"г. Краснодар, ул. Селезнева, д. 90",46 м²,1,13/24,хрущевка,Западный,Сгенерировано на основе данных Краснодара
"4-комнатная квартира, 32 м², Центральный район",4 424 092 ₽,"г. Краснодар, ул. Северная, д. 113",32 м²,4,23/5,брежневка,Центральный,Сгенерировано на основе данных Краснодара
"4-комнатная квартира, 58 м², Карасунский район",4 932 276 ₽,"г. Краснодар, ул. Восточно-Кругликовская, д. 91",58 м²,4,24/21,современный,Карасунский,Сгенерировано на основе данных Краснодара
"1-комнатная квартира, 30 м², Карасунский район",3 268 866 ₽,"г. Краснодар, ул. Московская, д. 44",30 м²,1,25/21,хрущевка,Карасунский,Сгенерировано на основе данных Краснодара
"1-комнатная квартира, 77 м², Карасунский район",10 268 722 ₽,"г. Краснодар, ул. Коммунаров, д. 77",77 м²,1,15/11,хрущевка,Карасунский,Сгенерировано на основе данных Краснодара
"4-комнатная квартира, 91 м², Прикубанский район",10 221 806 ₽,"г. Краснодар, ул. Гоголя, д. 136",91 м²,4,19/25,хрущевка,Прикубанский,Сгенерировано на основе данных Краснодара
"4-комнатная квартира, 120 м², Центральный район",20 221 425 ₽,"г. Краснодар, ул. Восточно-Кругликовская, д. 145",120 м²,4,21/23,новостройка,Центральный,Сгенерировано на основе данных Краснодара
"3-комнатная квартира, 82 м², Центральный район",8 603 152 ₽,"г. Краснодар, ул. им. Петра Метальникова, д. 67",82 м²,3,2/20,современный,Центральный,Сгенерировано на основе данных Краснодара
"4-комнатная квартира, 105 м², Карасунский район",9 876 147 ₽,"г. Краснодар, ул. им. Евдокии Бершанской, д. 148",105 м²,4,20/13,хрущевка,Карасунский,Сгенерировано на основе данных Краснодара
"3-комнатная квартира, 42 м², Западный район",3 918 943 ₽,"г. Краснодар, ул. Дзержинского, д. 107",42 м²,3,21/25,сталинка,Западный,Сгенерировано на основе данных Краснодара
"4-комнатная квартира, 62 м², Прикубанский район",5 497 081 ₽,"г. Краснодар, ул. Тургенева, д. 148",62 м²,4,21/22,хрущевка,Прикубанский,Сгенерировано на основе данных Краснодара
"3-комнатная квартира, 87 м², Прикубанский район",9 227 420 ₽,"г. Краснодар, ул. Зиповская, д. 49",87 м²,3,1/7,сталинка,Прикубанский,Сгенерировано на основе данных Краснодара
"2-комнатная квартира, 81 м², Центральный район",13 720 562 ₽,"г. Краснодар, ул. им. Петра Метальникова, д. 71",81 м²,2,6/7,брежневка,Центральный,Сгенерировано на основе данных Краснодара
"3-комнатная квартира, 33 м², Западный район",5 337 938 ₽,"г. Краснодар, ул. им. Петра Метальникова, д. 13",33 м²,3,2/17,сталинка,Западный,Сгенерировано на основе данных Краснодара
"1-комнатная квартира, 109 м², Центральный район",14 146 611 ₽,"г. Краснодар, ул. Восточно-Кругликовская, д. 12",109 м²,1,8/14,новостройка,Центральный,Сгенерировано на основе данных Краснодара
"2-комнатная квартира, 70 м², Карасунский район",5 953 871 ₽,"г. Краснодар, ул. Рашпилевская, д. 92",70 м²,2,17/12,современный,Карасунский,Сгенерировано на основе данных Краснодара
"3-комнатная квартира, 112 м², Прикубанский район",9 831 479 ₽,"г. Краснодар, ул. Московская, д. 84",112 м²,3,15/7,сталинка,Прикубанский,Сгенерировано на основе данных Краснодара
"4-комнатная квартира, 49 м², Карасунский район",6 574 015 ₽,"г. Краснодар, ул. Зиповская, д. 110",49 м²,4,16/6,сталинка,Карасунский,Сгенерировано на основе данных Краснодара
"3-комнатная квартира, 110 м², Карасунский район",12 354 477 ₽,"г. Краснодар, ул. Тургенева, д. 73",110 м²,3,7/17,новостройка,Карасунский,Сгенерировано на основе данных Краснодара
"2-комнатная квартира, 34 м², Прикубанский район",4 495 148 ₽,"г. Краснодар, ул. Восточно-Кругликовская, д. 146",34 м²,2,4/23,современный,Прикубанский,Сгенерировано на основе данных Краснодара
"3-комнатная квартира, 116 м², Западный район",13 354 964 ₽,"г. Краснодар, ул. 40-летия Победы, д. 30",116 м²,3,17/8,хрущевка,Западный,Сгенерировано на основе данных Краснодара
"4-комнатная квартира, 70 м², Западный район",6 351 002 ₽,"г. Краснодар, ул. Красноармейская, д. 16",70 м²,4,1/18,хрущевка,Западный,Сгенерировано на основе данных Краснодара
"1-комнатная квартира, 53 м², Прикубанский район",6 059 481 ₽,"г. Краснодар, ул. им. Петра Метальникова, д. 146",53 м²,1,6/10,брежневка,Прикубанский,Сгенерировано на основе данных Краснодара
"3-комнатная квартира, 69 м², Карасунский район",9 675 035 ₽,"г. Краснодар, ул. им. Петра Метальникова, д. 15",69 м²,3,6/25,хрущевка,Карасунский,Сгенерировано на основе данных Краснодара
"2-комнатная квартира, 31 м², Западный район",5 186 487 ₽,"г. Краснодар, ул. Рашпилевская, д. 114",31 м²,2,3/22,сталинка,Западный,Сгенерировано на основе данных Краснодара
"4-комнатная квартира, 79 м², Центральный район",12 032 623 ₽,"г. Краснодар, ул. Северная, д. 145",79 м²,4,12/17,новостройка,Центральный,Сгенерировано на основе данных Краснодара
"2-комнатная квартира, 60 м², Центральный район",8 858 764 ₽,"г. Краснодар, ул. Красная, д. 60",60 м²,2,9/15,брежневка,Центральный,Сгенерировано на основе данных Краснодара
"3-комнатная квартира, 71 м², Центральный район",11 647 337 ₽,"г. Краснодар, ул. Красная, д. 49",71 м²,3,8/11,современный,Центральный,Сгенерировано на основе данных Краснодара
"3-комнатная квартира, 92 м², Центральный район",11 712 265 ₽,"г. Краснодар, ул. Красноармейская, д. 20",92 м²,3,13/9,хрущевка,Центральный,Сгенерировано на основе данных Краснодара
"4-комнатная квартира, 83 м², Прикубанский район",9 358 317 ₽,"г. Краснодар, ул. Тургенева, д. 88",83 м²,4,5/5,современный,Прикубанский,Сгенерировано на основе данных Краснодара
"3-комнатная квартира, 83 м², Карасунский район",9 887 014 ₽,"г. Краснодар, ул. Селезнева, д. 44",83 м²,3,21/14,брежневка,Карасунский,Сгенерировано на основе данных Краснодара
"1-комнатная квартира, 87 м², Центральный район",11 232 443 ₽,"г. Краснодар, ул. Московская, д. 40",87 м²,1,21/24,хрущевка,Центральный,Сгенерировано на основе данных Краснодара
"4-комнатная квартира, 64 м², Прикубанский район",8 127 876 ₽,"г. Краснодар, ул. Октябрьская, д. 33",64 м²,4,24/19,современный,Прикубанский,Сгенерировано на основе данных Краснодара
"3-комнатная квартира, 96 м², Прикубанский район",13 922 915 ₽,"г. Краснодар, ул. Селезнева, д. 32",96 м²,3,10/12,новостройка,Прикубанский,Сгенерировано на основе данных Краснодара
"2-комнатная квартира, 74 м², Карасунский район",8 301 864 ₽,"г. Краснодар, ул. Кубанская Набережная, д. 7",74 м²,2,4/11,сталинка,Карасунский,Сгенерировано на основе данных Краснодара
"3-комнатная квартира, 55 м², Западный район",5 391 044 ₽,"г. Краснодар, ул. Тургенева, д. 37",55 м²,3,17/22,сталинка,Западный,Сгенерировано на основе данных Краснодара
"4-комнатная квартира, 54 м², Прикубанский район",8 016 405 ₽,"г. Краснодар, ул. Героев-Разведчиков, д. 50",54 м²,4,15/15,хрущевка,Прикубанский,Сгенерировано на основе данных Краснодара
"4-комнатная квартира, 29 м², Центральный район",5 275 627 ₽,"г. Краснодар, ул. Зиповская, д. 28",29 м²,4,5/8,новостройка,Центральный,Сгенерировано на основе данных Краснодара
"3-комнатная квартира, 45 м², Прикубанский район",6 527 213 ₽,"г. Краснодар, ул. Зиповская, д. 21",45 м²,3,10/5,современный,Прикубанский,Сгенерировано на основе данных Краснодара
"4-комнатная квартира, 96 м², Карасунский район",11 409 342 ₽,"г. Краснодар, ул. Героев-Разведчиков, д. 26",96 м²,4,16/10,брежневка,Карасунский,Сгенерировано на основе данных Краснодара
"4-комнатная квартира, 58 м², Центральный район",9 751 508 ₽,"г. Краснодар, ул. Московская, д. 31",58 м²,4,18/6,сталинка,Центральный,Сгенерировано на основе данных Краснодара
"4-комнатная квартира, 71 м², Центральный район",10 660 467 ₽,"г. Краснодар, ул. Красная, д. 42",71 м²,4,12/11,брежневка,Центральный,Сгенерировано на основе данных Краснодара
"2-комнатная квартира, 107 м², Карасунский район",13 426 370 ₽,"г. Краснодар, ул. Коммунаров, д. 64",107 м²,2,2/25,хрущевка,Карасунский,Сгенерировано на основе данных Краснодара
"4-комнатная квартира, 46 м², Центральный район",4 511 601 ₽,"г. Краснодар, ул. Красная, д. 102",46 м²,4,4/18,современный,Центральный,Сгенерировано на основе данных Краснодара
"2-комнатная квартира, 38 м², Центральный район",6 215 675 ₽,"г. Краснодар, ул. Октябрьская, д. 47",38 м²,2,13/11,сталинка,Центральный,Сгенерировано на основе данных Краснодара
"3-комнатная квартира, 97 м², Западный район",12 672 282 ₽,"г. Краснодар, ул. Октябрьская, д. 39",97 м²,3,16/17,брежневка,Западный,Сгенерировано на основе данных Краснодара
"4-комнатная квартира, 39 м², Прикубанский район",3 329 529 ₽,"г. Краснодар, ул. Московская, д. 47",39 м²,4,13/11,современный,Прикубанский,Сгенерировано на основе данных Краснодара
"3-комнатная квартира, 51 м², Западный район",5 667 864 ₽,"г. Краснодар, ул. Красноармейская, д. 81",51 м²,3,18/20,брежневка,Западный,Сгенерировано на основе данных Краснодара
"4-комнатная квартира, 64 м², Западный район",6 590 714 ₽,"г. Краснодар, ул. Тургенева, д. 135",64 м²,4,15/6,сталинка,Западный,Сгенерировано на основе данных Краснодара
"1-комнатная квартира, 34 м², Центральный район",5 351 242 ₽,"г. Краснодар, ул. Кубанская Набережная, д. 148",34 м²,1,24/15,сталинка,Центральный,Сгенерировано на основе данных Краснодара
"3-комнатная квартира, 94 м², Прикубанский район",8 337 960 ₽,"г. Краснодар, ул. Героев-Разведчиков, д. 110",94 м²,3,17/19,современный,Прикубанский,Сгенерировано на основе данных Краснодара
"1-комнатная квартира, 32 м², Западный район",5 240 045 ₽,"г. Краснодар, ул. Селезнева, д. 117",32 м²,1,24/16,брежневка,Западный,Сгенерировано на основе данных Краснодара
"2-комнатная квартира, 86 м², Центральный район",13 994 855 ₽,"г. Краснодар, ул. Дзержинского, д. 60",86 м²,2,13/23,брежневка,Центральный,Сгенерировано на основе данных Краснодара
"1-комнатная квартира, 89 м², Центральный район",9 572 187 ₽,"г. Краснодар, ул. Гоголя, д. 76",89 м²,1,21/5,сталинка,Центральный,Сгенерировано на основе данных Краснодара
"4-комнатная квартира, 89 м², Центральный район",10 785 374 ₽,"г. Краснодар, ул. Дзержинского, д. 122",89 м²,4,14/22,современный,Центральный,Сгенерировано на основе данных Краснодара
"2-комнатная квартира, 97 м², Центральный район",13 872 974 ₽,"г. Краснодар, ул. 40-летия Победы, д. 62",97 м²,2,8/6,хрущевка,Центральный,Сгенерировано на основе данных Краснодара
"4-комнатная квартира, 78 м², Западный район",10 427 429 ₽,"г. Краснодар, ул. Селезнева, д. 57",78 м²,4,16/25,брежневка,Западный,Сгенерировано на основе данных Краснодара
"4-комнатная квартира, 63 м², Карасунский район",8 398 060 ₽,"г. Краснодар, ул. Октябрьская, д. 7",63 м²,4,19/19,брежневка,Карасунский,Сгенерировано на основе данных Краснодара
"2-комнатная квартира, 68 м², Западный район",9 053 216 ₽,"г. Краснодар, ул. Гоголя, д. 41",68 м²,2,2/20,хрущевка,Западный,Сгенерировано на основе данных Краснодара
"4-комнатная квартира, 95 м², Центральный район",14 824 916 ₽,"г. Краснодар, ул. Уральская, д. 141",95 м²,4,19/16,современный,Центральный,Сгенерировано на основе данных Краснодара
"1-комнатная квартира, 100 м², Западный район",11 306 112 ₽,"г. Краснодар, ул. Ставропольская, д. 49",100 м²,1,4/22,современный,Западный,Сгенерировано на основе данных Краснодара
"2-комнатная квартира, 28 м², Прикубанский район",4 017 425 ₽,"г. Краснодар, ул. Ставропольская, д. 3",28 м²,2,11/15,брежневка,Прикубанский,Сгенерировано на основе данных Краснодара
"4-комнатная квартира, 82 м², Западный район",12 459 661 ₽,"г. Краснодар, ул. Кубанская Набережная, д. 78",82 м²,4,19/24,новостройка,Западный,Сгенерировано на основе данных Краснодара
"1-комнатная квартира, 48 м², Западный район",5 776 967 ₽,"г. Краснодар, ул. Героев-Разведчиков, д. 7",48 м²,1,6/8,современный,Западный,Сгенерировано на основе данных Краснодара
"1-комнатная квартира, 58 м², Прикубанский район",6 954 446 ₽,"г. Краснодар, ул. Зиповская, д. 20",58 м²,1,18/11,брежневка,Прикубанский,Сгенерировано на основе данных Краснодара
"1-комнатная квартира, 32 м², Западный район",4 627 671 ₽,"г. Краснодар, ул. Зиповская, д. 108",32 м²,1,10/18,брежневка,Западный,Сгенерировано на основе данных Краснодара
"4-комнатная квартира, 96 м², Карасунский район",10 297 486 ₽,"г. Краснодар, ул. Рашпилевская, д. 93",96 м²,4,7/10,современный,Карасунский,Сгенерировано на основе данных Краснодара
"2-комнатная квартира, 120 м², Центральный район",12 675 522 ₽,"г. Краснодар, ул. Героев-Разведчиков, д. 140",120 м²,2,21/8,хрущевка,Центральный,Сгенерировано на основе данных Краснодара
"2-комнатная квартира, 59 м², Прикубанский район",6 054 656 ₽,"г. Краснодар, ул. Дзержинского, д. 40",59 м²,2,15/20,хрущевка,Прикубанский,Сгенерировано на основе данных Краснодара
