"Rank";"Country";"Quality_of_Life_Index";"Purchasing_Power_Index";"Safety_Index";"Health_Care_Index";"Cost_of_Living_Index";"Property_Price_to_Income_Ratio";"Traffic_Commute_Time_Index";"Pollution_Index";"Climate_Index";"Year";"Country_Ru"
2;"United States";195,5;132,9;49,9;68,6;77,4;2,4;37,1;35,1;NA;2014;"США"
3;"Germany";192,7;112,3;72,9;75,3;87,1;5,6;36,1;30,2;NA;2014;"Германия"
34;"Uruguay";91,9;39,6;53,4;59,6;77,4;11,6;45;21,3;NA;2014;"Уругвай"
58;"China";30,3;43,7;69,9;65,1;54,1;26,1;31,2;84,7;NA;2014;"Китай"
64;"Russia";16,5;37,3;47,3;43,5;61,8;14,7;49,7;76,5;NA;2014;"Россия"
2;"Germany";195,9;111,8;71,5;75,6;76,3;6,6;31,1;28,3;NA;2015;"Германия"
4;"United States";192,5;126,1;50;67,8;76,5;2,6;36;31,4;NA;2015;"США"
42;"Uruguay";93,1;44,9;52,8;67,9;68,6;11,2;45;31,7;NA;2015;"Уругвай"
72;"Russia";28,4;38,9;48,7;51,8;61,9;14,6;47,1;72,8;NA;2015;"Россия"
76;"China";16;48,6;58,3;58,7;48,9;26,4;37,5;89,4;NA;2015;"Китай"
4;"Germany";199,7;147,6;67;75,8;65,5;7,1;29,1;29,9;63;2016;"Германия"
12;"United States";184;139,2;51,1;67,8;74,1;3,4;33,4;34,9;67,6;2016;"США"
46;"China";99;77,4;67,9;61,2;48,1;25;44,1;85,5;46,6;2016;"Китай"
51;"Russia";88,3;57,4;52,7;54,1;38,5;12,8;49,1;64,5;10,9;2016;"Россия"
2;"Germany";189,7;124,9;68;76,7;65,5;7,5;30,6;27,1;58;2017;"Германия"
7;"United States";179,7;123,2;51,2;68,2;75,4;3,3;34,6;31,2;67,9;2017;"США"
57;"China";91;67,8;66,1;62,2;44,8;23,3;43,9;89;38,7;2017;"Китай"
61;"Russia";85,9;48,3;53,9;56,4;42;13,5;48,6;63;10,7;2017;"Россия"
6;"Germany";190;125;63,3;75,4;74,3;8;31,3;27,3;82,5;2018;"Германия"
9;"United States";180,6;127,6;50,4;68,4;73;3,3;34,7;31,7;78,2;2018;"США"
51;"Russia";103,3;51,1;54,8;56,8;43,9;11,4;48,3;63,3;44,7;2018;"Россия"
55;"China";99,4;72,3;60,6;62,9;44,6;28,2;42,5;85,9;78,8;2018;"Китай"
8;"Germany";187;116,2;65,5;74,3;67,6;9;29,9;28;82,5;2019;"Германия"
13;"United States";179,2;122;52,9;69,4;69,9;3,6;32,9;33,9;77,5;2019;"США"
59;"Russia";104,9;45,4;58,1;57,6;35,5;12,4;46;62,8;46,5;2019;"Россия"
65;"China";97,9;69;54,5;64;39,2;29,1;42,5;81,9;78,9;2019;"Китай"
9;"Germany";179,8;102,4;65,2;73,3;65,3;9,4;31;29;83;2020;"Германия"
14;"United States";172,1;109,5;52,8;69,3;71,1;3,5;32,9;36,9;77,5;2020;"США"
46;"Uruguay";126;37,5;46,2;66,3;51;16,3;39,9;44,8;98;2020;"Уругвай"
66;"China";102,8;60,9;68,2;64,5;40;29,1;41,8;80,8;79,2;2020;"Китай"
67;"Russia";102,3;38,9;58,9;57,6;39,2;10,8;45,3;62,8;40,4;2020;"Россия"
8;"Germany";176,8;93,7;64,6;73,8;70,6;9,1;31,4;27,5;83;2021;"Германия"
15;"United States";167;102,6;52,3;69;71,9;4;32,9;38,9;77,3;2021;"США"
47;"Uruguay";124,6;30,6;48,8;67,7;51,1;17,3;37,7;45,7;98;2021;"Уругвай"
65;"China";103,1;57,5;69,8;66,4;42,5;29;40,9;81,5;80,2;2021;"Китай"
67;"Russia";101,7;34,6;59,9;58,4;33,2;11,1;44,6;62,3;38,5;2021;"Россия"
7;"Germany";180,3;103,1;63,6;73,2;65,6;8,9;31,1;27,8;82,4;2022;"Германия"
15;"United States";170,7;106,3;51,8;69,1;70,1;4;32,9;35,3;76,8;2022;"США"
49;"Uruguay";122,3;30,1;48,6;68,4;52,1;20,1;37,3;45,2;98;2022;"Уругвай"
67;"China";105,1;60;70,6;66,4;41,8;29;40;80,6;78,4;2022;"Китай"
70;"Russia";103,3;37,4;60,4;59,1;35,3;14,8;44,5;61,8;48,9;2022;"Россия"
11;"Germany";179;107,6;62,4;71,9;62,9;10,7;31,2;28,8;83,3;2023;"Германия"
17;"United States";172,7;115,7;51;68,6;72,4;4,5;33,1;36,1;77,3;2023;"США"
44;"Uruguay";131,4;38,4;47,3;68,4;59,9;13,7;37,3;43,9;98;2023;"Уругвай"
65;"China";104,1;62,3;73,7;67,5;39,2;34,6;38,8;79,3;78,4;2023;"Китай"
66;"Russia";103;40,9;60,7;59,7;40,8;16,3;43,9;60,9;46;2023;"Россия"
12;"Germany";176,5;101;61,1;71,7;62,7;9,8;30,3;29,2;82,7;2024;"Германия"
15;"United States";174;120,9;50,7;67,6;72,9;4,1;33,8;37,1;78,9;2024;"США"
41;"Uruguay";139,1;47;47,8;68,4;55,3;10,3;37,8;43,4;98;2024;"Уругвай"
61;"China";110,9;60,5;75,1;68,1;34,1;29,6;39;78,2;79,7;2024;"Китай"
66;"Russia";106,1;41,5;60,9;60,9;29,5;16,1;43,2;59,6;45,1;2024;"Россия"
14;"Germany";190,2;130,7;60,6;71,9;58,4;8,9;29,7;28,9;82,9;2025;"Германия"
15;"United States";188,8;152,1;50,8;67,8;64,9;3,3;32,9;36,7;78,5;2025;"США"
45;"Uruguay";139,8;55,2;48;68,6;46,3;13;39,5;43,5;98;2025;"Уругвай"
61;"China";121,4;80;76;68,7;30,7;28,5;38,7;77,3;79,2;2025;"Китай"
67;"Russia";116,6;57,6;61,3;61,5;22,3;14,3;43,3;59;47,4;2025;"Россия"
8;"Germany";196,3;142;61,6;72,4;68,7;7,9;28,8;28,2;82,9;2026;"Германия"
15;"United States";186;151,6;50,8;67;68,8;3,5;33,8;37,2;75,8;2026;"США"
48;"Uruguay";139,1;56,3;47,5;68,5;55,6;13,3;40;42,8;98,3;2026;"Уругвай"
53;"China";134,8;96,4;76,9;69,2;30,5;21,5;38,5;76,2;74,4;2026;"Китай"
69;"Russia";115,6;63,2;61,8;61,6;36,5;13,7;43,3;58,4;38;2026;"Россия"
